<ColorMaps>
<ColorMap space="CIELAB" indexedLookup="false" name="TheROX">
<Point x="0.000000" o="1" r="1.000000" g="0.933333" b="0.800000"/>
<Point x="0.200000" o="1" r="0.800000" g="0.721569" b="0.478431"/>
<Point x="0.400000" o="1" r="0.600000" g="0.549020" b="0.301961"/>
<Point x="0.600000" o="1" r="0.400000" g="0.380392" b="0.160784"/>
<Point x="0.800000" o="1" r="0.301961" g="0.301961" b="0.058824"/>
<Point x="1.000000" o="1" r="0.184314" g="0.200000" b="0.000000"/>
<NaN r="0.25" g="0" b="0"/>
</ColorMap>
</ColorMaps>
